Isabel García,654789321,15/05/1987
Gabriel Pérez,687654321,08/11/1995
Lucía Sánchez,678987654,03/04/1982
Jorge Hernández,645321987,18/02/1976
Andrea Gómez,698745123,27/06/1998
María Rodríguez,654123789,20/03/1989
Carlos López,678456321,10/08/1984
Sara Torres,691234567,05/01/1993
David Díaz,645987123,12/10/1979
Laura Martínez,657321456,30/09/1991
Rosa Ruiz,654789321,15/05/1987
Alejandro Pérez,687654321,08/11/1995
Cristina Sánchez,678987654,03/04/1982
Pablo Hernández,645321987,18/02/1976
Eva Gómez,698745123,27/06/1998
Antonio Rodríguez,654123789,20/03/1989
Elena López,678456321,10/08/1984
Francisco Torres,691234567,05/01/1993
Natalia Díaz,645987123,12/10/1979
Diego Martínez,657321456,30/09/1991
